{
  "shoulderRef": [-1.656, 6.09971, 0.274523],
  "elbowRef": [-3.20167, 4.18606, 0.333464],
  "wristRef": [-4.59373, 2.58286, 0.847807],
  "scale": 0.35,
  "position": [0.1, -1.75, -3.25]
}